{
  "project_info": {
    "project_number": "1026634395858",
    "project_id": "foodordering-e9126",
    "storage_bucket": "foodordering-e9126.firebasestorage.app"
  },
  "client": [
    {
      "client_info": {
        "mobilesdk_app_id": "1:1026634395858:android:5e8f34957900cb1445fd0b",
        "android_client_info": {
          "package_name": "com.smartapp.foodkiosk.food_ordering_kiosk"
        }
      },
      "oauth_client": [],
      "api_key": [
        {
          "current_key": "AIzaSyC-6Pr97H1bzp_jgTZdSrJkBT9F8agWJvg"
        }
      ],
      "services": {
        "appinvite_service": {
          "other_platform_oauth_client": []
        }
      }
    }
  ],
  "configuration_version": "1"
}